{
	"textures": {
		"0": "animated_java:item/infinity_cave/red_tint/hat"
	},
	"elements": [
		{
			"from": [-2.00236, 26.3363, -0.68546],
			"to": [14.25001, 32, 16.42877],
			"rotation": {
				"angle": 0,
				"axis": "y",
				"origin": [6.4932, 27.81379, 4.2395]
			},
			"faces": {
				"north": {
					"uv": [5.5, 7, 11, 8],
					"texture": "#0"
				},
				"east": {
					"uv": [6, 6, 11.75, 7],
					"texture": "#0"
				},
				"south": {
					"uv": [0, 7, 5.5, 8],
					"texture": "#0"
				},
				"west": {
					"uv": [0, 6, 5.75, 7],
					"texture": "#0"
				},
				"up": {
					"uv": [5.5, 5.75, 0, 0],
					"rotation": 180,
					"texture": "#0"
				},
				"down": {
					"uv": [11, 0, 5.5, 5.75],
					"rotation": 180,
					"texture": "#0"
				}
			}
		}
	],
	"display": {
		"head": {
			"rotation": [0, 180, 0]
		}
	}
}